<?xml version="1.0" encoding="UTF-8"?>
<!DOCTYPE struts PUBLIC
        "-//Apache Software Foundation//DTD Struts Configuration 2.0//EN"
        "http://struts.apache.org/dtds/struts-2.0.dtd">

<struts>

    <constant name="struts.devMode" value="true" />
    <constant name="struts.objectFactory" value="spring" />

    <package name="default" extends="struts-default" namespace="/">
        <action name="hello" class="example.actions.HelloAction" method="execute">
            <result name="success">WEB-INF/content/hello-success.jsp</result>
        </action>
        <action name="register-input" class="example.actions.RegisterAction" method="input">
            <result name="input">WEB-INF/content/register-input.jsp</result>
        </action>
        <action name="register" class="example.actions.RegisterAction" method="execute">
            <result name="success">WEB-INF/content/register-success.jsp</result>
        </action>
    </package>
</struts>