<?xml version="1.0" encoding="UTF-8"?>
<databaseChangeLog
        xmlns="http://www.liquibase.org/xml/ns/dbchangelog"
        xmlns:xsi="http://www.w3.org/2001/XMLSchema-instance"
        xsi:schemaLocation="http://www.liquibase.org/xml/ns/dbchangelog
                      http://www.liquibase.org/xml/ns/dbchangelog/dbchangelog-4.9.xsd">

    <changeSet id="001-create-users-table" author="developer">
        <createTable tableName="users">
            <column name="id" type="BIGINT" autoIncrement="true">
                <constraints primaryKey="true" nullable="false"/>
            </column>
            <column name="username" type="VARCHAR(50)">
                <constraints nullable="false" unique="true"/>
            </column>
            <column name="email" type="VARCHAR(100)">
                <constraints nullable="false"/>
            </column>
            <column name="created_at" type="TIMESTAMP" defaultValueComputed="CURRENT_TIMESTAMP">
                <constraints nullable="false"/>
            </column>
        </createTable>
    </changeSet>

    <changeSet id="002-add-sample-data" author="developer">
        <insert tableName="users">
            <column name="username" value="admin"/>
            <column name="email" value="admin@example.com"/>
        </insert>
        <insert tableName="users">
            <column name="username" value="user1"/>
            <column name="email" value="user1@example.com"/>
        </insert>
    </changeSet>

</databaseChangeLog>
